id,in5
66969,4
66971,4
66975,4
66979,4
66989,4
66990,4
67003,4
67005,4
67012,1
67013,4
67018,4
67020,4
67023,4
67033,4
67045,5
67091,4
67426,4
67680,4
67686,2
67695,4
67734,4
67747,4
68185,4
68201,4
68422,4
68429,4
68430,4
68618,5
68632,2
68637,2
68639,5
68644,4
68646,4
68653,5
68654,2
68655,2
68667,2
68668,4
68669,4
68671,4
68672,4
68675,3
68784,4
68795,4
68799,4
68811,4
68817,4
68825,4
68903,4
68905,4
68909,4
68913,3
68916,4
68918,4
68922,4
68923,4
68925,4
68927,4
84485,4
84706,4
85014,4
86656,2
88108,4
88400,3
89292,2
90666,4
92557,4
92989,4
93244,4
95411,4
95614,5
99556,3
100841,3
101687,4
104147,4
104170,4
104174,4
106147,1
106356,4
106543,2
108142,4
108850,4
109408,1
110956,4
111956,4
112724,4
114573,4
114675,2
117253,2
118690,2
119286,4
119723,4
119801,4
119955,4
119977,4
120089,4
121010,2
122224,4
122563,4
123412,3
125321,4
125616,4
127709,4
129484,4
129508,4
130153,4
130799,4
130935,2
130983,1
131593,4
132263,4
133153,4
135246,1
135402,5
135560,4
135589,2
139627,4
139918,4
141310,4
143014,4
144180,4
144675,4
145430,4
146677,4
148160,4
148241,4
148247,4
148468,4
149893,4
151406,4
151755,4
153503,5
157930,4
160635,2
162084,4
162562,4
163556,2
163718,4
164132,4
166779,4
168871,4
170041,4
170266,4
170392,3
170963,4
171716,2
172086,1
174621,4
178819,4
179148,4
179512,4
182937,4
183053,2
183953,4
184905,4
185662,4
186583,4
186675,4
186719,4
186724,4
186741,2
186922,4
188338,4
188392,4
188505,4
189182,4
190105,2
190613,4
191679,4
192597,4
192663,4
194085,4
194847,4
194848,4
197496,4
198034,4
198175,4
199171,5
199481,5
199567,4
199694,4
200520,5
202249,4
202520,3
202706,5
204914,4
208213,1
208923,1
209351,5
209568,4
210548,5
210655,4
210672,4
211082,5
212163,5
212235,4
212935,3
215338,4
215343,4
215811,4
216558,4
217670,4
217673,4
218263,4
219255,5
219783,3
219785,4
223080,4
223205,4
223626,4
227502,2
229174,1
229814,4
231002,4
231294,4
232007,4
232053,2
232744,5
236864,4
237532,4
239279,4
241229,4
241821,4
242927,2
244052,4
244093,4
245014,4
245210,4
245740,5
246684,2
246717,2
246817,2
247003,4
247064,4
247447,4
248051,4
248500,3
251255,5
252152,2
252956,5
253810,4
253960,4
255858,4
261944,5
262823,3
263166,4
263177,4
263959,4
267437,3
270080,4
271077,4
273082,4
275122,4
275773,3
276627,3
278489,4
278674,4
278894,4
282293,4
285716,4
285750,5
287624,4
289212,4
291468,4
291654,2
291719,4
293440,4
295478,4
297192,5
297829,3
299315,4
299415,4
299429,4
299451,4
300293,4
300326,4
301140,4
301999,4
302259,4
303517,4
303784,4
303788,4
305796,4
308305,4
308600,4
309633,4
310048,1
311630,4
313657,4
313737,4
314658,4
314680,4
315741,4
316891,4
317521,4
318816,4
319044,3
320298,1
320673,4
321769,4
323406,4
323574,1
324757,4
324997,4
325382,2
326630,4
326633,4
327282,4
329174,4
331355,2
331782,4
332906,3
332953,4
333448,4
333535,4
334769,4
336352,4
337029,4
337068,4
338198,4
341827,4
344689,4
347335,4
348663,4
349296,4
350029,2
350637,4
351126,5
351656,4
352983,4
354068,4
354381,4
354528,5
359715,2
360914,1
360981,4
362344,4
362385,4
364287,4
364862,4
364879,4
366836,4
367816,4
367817,2
368372,4
368861,5
371122,4
371292,4
375294,4
378050,4
379225,2
380105,4
380524,4
381216,3
381445,4
384105,5
384550,4
384592,4
386427,4
387261,4
388070,4
390067,4
391737,4
391738,4
391879,4
393576,4
394039,4
394446,4
395218,4
395530,4
395562,4
398352,4
398727,4
398928,4
400096,4
400395,4
400530,4
400722,5
400828,4
401611,4
403282,4
404236,4
405996,4
406615,5
409050,3
409947,4
410023,4
410136,2
410779,4
413731,4
415212,4
416075,5
417241,3
417580,4
417813,4
418468,4
419038,4
419042,4
420169,4
420285,4
420286,4
421269,4
423066,2
423265,4
424156,4
424353,3
425920,3
425923,2
429081,4
429633,4
430368,4
430594,5
431376,2
431601,4
431718,4
432044,4
433392,1
433393,4
435010,2
435091,4
435876,2
436236,1
436696,4
436773,4
438034,4
438663,4
441496,4
442900,4
443244,4
443797,4
444194,4
444489,4
444665,4
446028,3
446148,4
446462,4
447040,4
448121,4
448784,4
448827,4
448828,4
449003,1
449173,2
449960,4
450504,4
450715,2
450967,4
451335,4
452953,4
453161,4
453253,1
453754,4
454892,4
454914,3
454920,4
454933,4
455098,3
455558,4
456194,4
456745,4
457032,3
457167,4
458884,4
459033,4
460273,4
461871,5
463309,3
463343,5
464304,4
465015,4
465117,4
466040,4
468863,4
468864,1
468931,4
468932,1
468979,4
469093,4
471656,4
471776,4
472067,4
472616,5
473228,4
473363,4
473534,5
476590,4
477531,5
477668,2
479019,5
480240,2
480627,4
480628,4
480733,4
484455,4
484456,4
484707,3
485260,4
490134,4
491270,4
492752,4
492934,4
493206,4
494197,5
494235,2
494767,4
495134,4
495136,2
495426,2
498495,4
499511,5
500016,4
501387,4
502520,4
503241,4
504283,4
504524,1
508381,4
514518,4
514753,4
517814,4
518426,4
520778,3
521133,4
521450,5
522060,4
523621,4
523622,4
525272,4
525662,4
525663,1
525768,4
525771,4
526902,4
527540,4
528430,4
529744,1
529959,3
531583,4
532103,4
536389,4
536821,5
536874,2
537577,1
538297,4
538914,4
541180,4
541545,4
541546,2
541731,3
542285,4
542286,4
543829,4
544547,4
545155,4
545582,4
547796,3
549524,4
550577,4
550648,2
550672,1
551356,4
551547,4
552038,4
553274,4
555426,5
557577,4
557632,4
557761,4
558658,4
560488,1
560959,4
561737,4
562285,4
562633,4
562657,4
562658,4
564874,4
565600,4
566184,4
566201,4
570301,5
571325,5
573598,4
574102,5
574114,5
574154,4
574972,4
574975,4
575703,4
577016,4
578398,4
579115,4
579116,1
579123,4
579760,5
580213,4
581013,4
581863,4
582009,5
582402,4
582743,4
583753,4
585375,4
585525,4
589825,4
589879,2
591176,4
591489,4
591634,4
591874,4
592196,2
593672,4
593673,2
593744,4
593745,4
596637,3
596975,5
597133,4
597634,2
598398,4
598570,4
598610,2
599609,4
599926,4
600375,4
601270,4
601273,4
601274,4
601313,2
603146,4
603704,5
603762,4
604567,4
605306,4
605347,4
605866,4
606674,4
606852,4
607353,3
609085,4
610458,4
610716,4
610717,2
611882,3
612075,4
612169,5
612206,4
612215,4
612222,4
612234,4
612244,4
612251,4
612540,4
613235,4
613647,4
614127,1
614735,4
617231,4
617860,4
618280,4
619098,4
621291,4
621950,4
622946,4
623459,2
624403,3
625016,4
625036,4
626325,4
627669,4
629513,1
629987,4
631833,2
632377,4
632556,2
633810,1
636124,4
636137,4
636142,4
636237,4
636571,3
639103,2
640769,2
641502,4
641774,4
642343,4
642690,3
642691,5
642719,4
642811,4
643118,4
643289,4
644787,4
645042,4
645843,2
646344,4
647955,1
648088,4
648329,4
648387,2
648600,4
648602,4
648873,3
648969,4
649579,4
652109,1
652110,4
652660,4
653236,4
653357,2
653362,3
653792,4
655469,4
655786,3
655841,4
656510,5
660451,4
661189,5
662275,4
662573,4
663240,1
664499,4
664789,4
665905,4
665906,4
665977,4
666047,4
667824,3
669113,4
670025,4
670393,4
673165,4
673754,4
676254,4
676447,4
676854,5
677340,2
681958,4
683253,4
683725,4
683882,5
684007,4
685031,4
685874,4
686162,4
686183,2
686759,4
688329,4
689950,4
691631,2
691834,4
692269,4
693924,4
693951,4
694864,1
695196,2
695667,4
695670,5
697343,4
699898,1
700533,5
701919,4
702169,4
702812,4
702887,4
704977,2
705421,2
705693,4
708056,4
708672,4
709673,2
710246,2
711349,4
711664,4
711859,4
712392,4
712393,5
712399,4
713364,4
715015,4
715016,4
715527,4
716009,4
716617,4
717689,4
719463,4
720018,4
722919,4
722932,5
726525,4
728437,4
729645,4
729646,2
730195,3
730196,5
730827,4
731335,3
733351,4
733352,4
733356,4
733359,4
733366,4
733996,4
734607,4
735848,4
737724,4
737727,4
737738,4
738292,5
741438,4
741439,4
742307,4
742930,4
743591,4
743608,4
743609,4
743616,1
743630,5
743873,4
744002,4
744821,4
745719,3
746186,2
746396,2
746692,4
747056,5
747682,4
748092,4
749082,4
749289,4
749745,4
750408,1
750602,4
750757,2
751336,4
751569,4
751784,5
752114,4
752557,4
755170,3
755597,4
755746,4
755761,4
756355,4
756535,4
758317,4
759544,4
759727,4
759855,4
760381,4
760544,2
761021,2
761195,4
761520,2
763124,4
763512,4
764513,4
765586,4
766539,4
766809,4
767202,2
767465,4
768024,4
768722,4
768751,4
768752,4
768828,4
768926,4
769783,4
770787,4
772353,4
773034,4
774429,5
774578,4
774584,2
775466,4
778506,4
778632,4
778653,4
778656,4
778657,4
778658,4
778661,4
779067,4
779302,4
779377,4
780271,4
780423,4
782697,2
782701,4
782702,4
783009,4
783010,4
783015,4
783016,4
783017,4
783018,4
785114,4
788880,4
788881,4
788899,4
788900,4
788901,4
788902,1
788904,4
788905,4
788908,2
789309,4
789310,4
789449,2
789896,4
790300,4
790897,1
792975,4
792976,2
793759,4
794206,4
794335,2
795884,4
798138,4
798431,4
800085,4
801051,4
801305,3
801386,4
801891,4
802005,2
802494,4
803975,4
805614,4
805797,4
807082,4
808109,4
808710,4
808758,4
809786,4
813237,4
813605,2
816973,2
817565,4
818329,4
818615,4
819287,5
819538,3
819711,4
819909,4
820198,4
820209,1
820284,4
820537,4
820553,4
820808,4
821306,4
821339,5
821373,5
821539,2
821867,4
822353,2
824436,4
825480,4
825943,4
826624,4
828269,4
828610,5
828617,4
829132,2
829133,4
829723,4
830090,4
830091,4
830803,4
830893,4
831447,4
831854,5
832452,4
832504,4
832956,4
833475,4
833727,4
835061,4
837609,4
839127,4
839306,4
839307,5
839965,2
840145,3
841307,4
841927,2
842463,4
842516,2
844302,4
846467,2
847499,4
848583,1
849772,4
850510,4
850723,4
850817,2
852285,4
852317,4
852670,2
853180,4
853405,3
853486,4
854821,5
855939,4
856262,4
858987,2
859652,4
860426,4
860463,4
860819,4
860979,4
862549,4
862962,4
863808,4
863827,4
863866,4
864188,4
865036,2
866622,4
867535,4
868229,4
869408,4
870218,2
871743,3
872799,4
873399,4
874251,4
874994,4
875069,4
875321,2
878979,4
879789,4
881165,4
881179,2
881181,1
881669,5
882449,3
882974,4
883554,4
884025,4
885486,4
886617,4
888619,4
888786,4
889413,1
890362,4
890946,4
890976,4
890977,4
891027,4
891600,4
891615,4
893182,5
893647,4
894922,4
894923,4
894925,4
897002,1
897743,4
898390,4
898967,4
899423,1
899482,4
899483,1
899484,4
899490,4
902791,4
902800,1
903543,4
905791,4
905863,4
905867,4
906323,5
907638,5
908902,3
909917,5
910503,4
910526,4
910989,1
911052,2
911787,4
913572,4
914081,2
914971,4
914972,4
916049,4
919188,4
919194,4
919219,5
920665,4
920743,4
921365,4
923137,4
923212,3
924834,4
924867,4
925400,4
926257,4
926877,4
927373,4
927476,3
927478,5
928826,4
930460,4
931084,5
932893,4
932894,4
932918,4
933532,4
934151,4
934803,4
935430,4
936342,4
938878,4
941089,4
942221,2
944633,3
945843,4
947389,4
948061,4
949156,4
950793,4
950794,4
950975,4
950982,4
950983,1
953301,4
953302,4
953820,4
954008,4
954585,4
955663,4
956245,4
956246,4
959539,5
960050,4
960597,4
961541,4
961544,4
962161,4
964023,4
965014,4
966067,4
966512,2
966518,4
967641,4
969117,4
969745,4
970304,4
970777,4
972404,5
972417,4
972915,4
973929,4
973930,4
973932,4
976697,3
976707,4
977720,4
977922,4
979983,4
980702,4
981811,3
981819,4
981821,4
981822,4
981823,4
982856,4
984667,4
985173,4
985699,3
986136,4
986322,4
986894,4
986900,4
986903,4
988012,4
988015,2
990580,2
991145,4
991767,4
992415,4
993055,4
993588,4
993590,4
994061,4
994588,4
994605,3
994607,4
994608,4
996360,4
996362,4
996921,3
998183,4
998184,4
999384,1
1000453,4
1001714,4
1001715,4
1002314,4
1002913,2
1005298,4
1006446,4
1007164,5
1007172,4
1007954,4
1008458,4
1009257,1
1009663,3
1009664,4
1009704,4
1011208,4
1011923,4
1011926,4
1012441,5
1012452,5
1013403,4
1013409,4
1015710,4
1017206,2
1017942,4
1017943,4
1017944,4
1018485,4
1019075,4
1019609,4
1019612,4
1021045,4
1021960,4
1022332,4
1022404,4
1023346,4
1025217,4
1026188,4
1027463,4
1027464,4
1027508,2
1027509,4
1027546,4
1029588,4
1029654,4
1029658,4
1029745,2
1031864,5
1034702,4
1035692,4
1036238,4
1038424,5
1042127,4
1043275,1
1044337,4
1045915,4
1045979,2
1046333,4
1047072,2
1049592,4
1050820,4
1051346,5
1051347,5
1051372,2
1052546,4
1054564,4
1058177,5
1058697,4
1059903,4
1063461,2
1066032,4
1066515,4
1066552,4
1067084,4
1069626,4
1070719,4
1070936,4
1073149,4
1073683,4
1073685,4
1073686,4
1074274,4
1074859,5
1074881,4
1074883,2
1074885,4
1074916,4
1075348,4
1075858,4
1077554,1
1078165,4
1078704,2
1078717,4
1081564,3
1081618,4
1083646,3
1084681,4
1085322,2
1089778,5
1090283,2
1090307,4
1091437,4
1093677,5
1094598,5
1095142,2
1095156,4
1095248,5
1095764,4
1098359,4
1098796,4
1099020,2
1099092,4
1099428,2
1101032,4
1101033,4
1101588,3
1103165,4
1103643,4
1103845,4
1106641,4
1106899,4
1112936,5
1113257,4
1113260,4
1113380,4
1114316,4
1114879,4
1115333,2
1118244,4
1118245,4
1120655,4
1120750,4
1121503,4
1121912,4
1124817,4
1124885,4
1125265,4
1125762,4
1127714,4
1127833,4
1129271,2
1129272,4
1129796,4
1130206,2
1130979,4
1132544,4
1132545,4
1133567,4
1133698,2
1134240,4
1134241,4
1134274,4
1135097,4
1135107,4
1135148,4
1135492,4
1136001,4
1136116,4
1137388,2
1138315,4
1139435,4
1140391,4
1140448,4
1140813,4
1140875,2
1142662,4
1143037,4
1143150,4
1143537,4
1143554,4
1144214,4
1146102,4
1146714,1
1148652,2
1149803,4
1150673,4
1151114,4
1158429,2
1158735,4
1158848,4
1160115,4
1160170,4
1160529,4
1162166,4
1162186,4
1163118,4
1164864,4
1167420,4
1167885,4
1168362,5
1168594,4
1170599,4
1170614,4
1171036,2
1171716,4
1174852,4
1175405,4
1175796,5
1179114,1
1182702,5
1183686,4
1188600,4
1188601,4
1188602,4
1189534,4
1190656,4
1191364,4
1191370,4
1191821,4
1192319,5
1193443,5
1193953,4
1196066,1
1200514,4
1201532,4
1201568,4
1202391,2
1202881,4
1203988,5
1205528,2
1205571,2
1207660,4
1207691,4
1208182,2
1208656,2
1208660,4
1210454,4
1211993,4
1213687,4
1213770,4
1214833,2
1219301,4
1219348,4
1219961,4
1220677,5
1220685,4
1221223,5
1222206,4
1224296,4
1224416,2
1227415,5
1227827,4
1228532,2
1230058,4
1230392,4
1230416,2
1231616,4
1232473,4
1232507,4
1233554,5
1233998,4
1234008,4
1235787,4
1236041,4
1236054,4
1237603,2
1238099,4
1238100,4
1238119,4
1238545,2
1238546,4
1241441,4
1241887,4
1244436,4
1246617,2
1246695,5
1246706,2
1249782,4
1251941,4
1253747,4
1255226,4
1255959,4
1256042,5
1256445,4
1256649,4
1256810,4
1257037,4
1257612,5
1258901,4
1260379,4
1260881,4
1260943,4
1262707,4
1263777,2
1267253,2
1269118,4
1269204,4
1272968,4
1274443,4
1274445,1
1274446,4
1277094,4
1277768,4
1278364,4
1279629,4
1279631,2
1281863,4
1282307,4
1282931,4
1282948,2
1283898,4
1283919,2
1285731,4
1285819,4
1286402,5
1287892,5
1287893,4
1288781,4
1291135,4
1292464,4
1292483,4
1294101,4
1294278,4
1297465,2
1298325,4
1298614,4
1298833,2
1300070,4
1300499,5
1301240,5
1301448,1
1302519,5
1302533,4
1302889,4
1303984,4
1305195,4
1305382,4
1306134,2
1306807,2
1307096,2
1307267,3
1308185,4
1308906,4
1309350,4
1309694,2
1311223,4
1311267,1
1311336,4
1311488,4
1311504,4
1312333,4
1312837,4
1313170,3
1313561,4
1313957,4
1314009,2
1314816,2
1316775,4
1317142,4
1317457,4
1317996,4
1318114,5
1319219,2
1320244,4
1321021,5
1321528,4
1322265,4
1323556,5
1323614,4
1323657,4
1323732,4
1325247,4
1327658,4
1328122,5
1328307,4
1328901,4
1331641,5
1334104,4
1334105,4
1338214,4
1338523,4
1339597,4
1340077,5
1340982,4
1341373,2
1341446,4
1344004,4
1345834,4
1345856,4
1347721,4
1348205,2
1349072,4
1349139,4
1349629,4
1350711,4
1350779,4
1351595,4
1353073,4
1353092,4
1354372,4
1354672,4
1355056,4
1355848,4
1356332,4
1356444,4
1357374,4
1358240,5
1359056,4
1363759,4
1364364,4
1365007,4
1366294,4
1366426,2
1366899,4
1367046,4
1368200,2
1368293,4
1369222,4
1369266,4
1370800,4
1371967,5
1372318,4
1372649,4
1372835,4
1373402,4
1374715,5
1375427,4
1376883,4
1377917,4
1379850,5
1381240,4
1382175,4
1382225,4
1382739,4
1384332,4
1385294,4
1385710,2
1386821,4
1386914,4
1387930,2
1388446,4
1388526,4
1390291,4
1392632,4
1395573,4
1395574,2
1396218,4
1397210,4
1397579,4
1397946,2
1398528,4
1399064,4
1399431,2
1400240,4
1400319,4
1400645,4
1400676,4
1400689,4
1401868,5
1402946,4
1404009,5
1404528,4
1404646,4
1404882,4
1405520,4
1405714,4
1410032,2
1410719,4
1410723,4
1410724,4
1410726,4
1410727,4
1412059,4
1413205,4
1413635,4
1413765,4
1414191,4
1414842,2
1415445,2
1416241,4
1416804,4
1417759,4
1418890,4
1419456,4
1419873,4
1420035,4
1420037,4
1421300,2
1421781,4
1422386,4
1424438,4
1425036,2
1426648,2
1429258,4
1431817,4
1432122,4
1432906,4
1433230,4
1435807,2
1436306,4
1437073,4
1438648,4
1438730,5
1439149,2
1439203,4
1440018,5
1440296,4
1441566,4
1442121,4
1442547,5
1443011,2
1443064,4
1443456,4
1443949,2
1444923,4
1445539,4
1446101,4
1446676,4
1446677,4
1447148,4
1449279,2
1449354,4
1450838,4
1452175,4
1456476,4
1456484,4
1456882,4
1456892,4
1457191,4
1457677,4
1458649,4
1458660,5
1458988,4
1460781,4
1461262,2
1464261,4
1464483,2
1465273,4
1465298,4
1465724,2
1466050,4
1467345,4
1469025,4
1469469,5
1469898,5
1470315,4
1470663,4
1471601,4
1471605,4
1471661,4
1471951,5
1472034,4
1472065,4
1472364,5
1474621,4
1476839,2
1476854,4
1477676,4
1478062,2
1479520,4
1479521,4
1481526,4
1482135,4
1482136,5
1482484,4
1487734,4
1489622,2
1489769,1
1492123,4
1492186,4
1492904,4
1492905,1
1494958,4
1495400,5
1495921,4
1497614,2
1499443,5
1499578,4
1500762,4
1501975,4
1502385,4
1502918,4
1503690,4
1504149,4
1507325,5
1507327,4
1507797,4
1508228,1
1508689,4
1510602,2
1510724,4
1510926,5
1511873,4
1512219,1
1512228,2
1514174,4
1516447,4
1516448,4
1516767,4
1518569,4
1518570,5
1518667,5
1519216,5
1519729,4
1520755,4
1521781,4
1522004,4
1523731,2
1524213,4
1526160,1
1527229,2
1527477,4
1528135,4
1528505,4
1528921,4
1530706,2
1530905,4
1533597,4
1533984,4
1534466,4
1534765,4
1535603,4
1536332,4
1537720,4
1537786,5
1539207,4
1539794,4
1541072,4
1545841,4
1546203,4
1546761,2
1546921,4
1548858,4
1549457,4
1550015,5
1551476,4
1552422,4
1552551,4
1553249,4
1553559,2
1555136,4
1556197,4
1556351,4
1556417,4
1556904,4
1557375,4
1558108,4
1558518,4
1558873,4
1560262,5
1561675,4
1561694,5
1562214,4
1562484,4
1562646,2
1562702,4
1564259,4
1565519,4
1566099,4
1566526,4
1567505,4
1568989,4
1569358,4
1571582,4
1573780,4
1573903,4
1575747,2
1576178,4
1580591,2
1580624,4
1580625,4
1580908,4
1580933,4
1582643,5
1582644,4
1584316,4
1585010,4
1585502,4
1585511,4
1585808,2
1586614,4
1588014,4
1589617,4
1589619,4
1589621,4
1591385,2
1592657,4
1592658,4
1593320,4
1594758,5
1595694,2
1596191,4
1596592,4
1596593,4
1596594,4
1597528,4
1598730,5
1599118,4
1599717,2
1600511,4
1601453,4
1602147,4
1603125,4
1603126,4
1603465,4
1604912,4
1606280,4
1606677,4
1607017,4
1607590,4
1609519,4
1609521,5
1610756,2
1611766,4
1612075,4
1612446,4
1612447,2
1614246,4
1616079,2
1616850,4
1616851,5
1616853,4
1617492,4
1617493,4
1620070,4
1620450,4
1620808,2
1621130,4
1621508,5
1622634,2
1622635,4
1622636,4
1623631,4
1624918,4
1626220,4
1626221,4
1627099,2
1627968,4
1629080,2
1629208,4
1629241,4
1629559,4
1631444,4
1631886,4
1633510,4
1633950,4
1634590,4
1635641,4
1635671,4
1636030,4
1636806,1
1636807,4
1637331,2
1638551,4
1638585,2
1639504,4
1641626,4
1644380,4
1645241,2
1645269,4
1645683,4
1645777,4
1646575,4
1646606,4
1646636,4
1650145,4
1652316,4
1654083,5
1654544,4
1655773,4
1655858,4
1659425,2
1660145,2
1660171,4
1660198,4
1660199,5
1660502,4
1661614,4
1662121,4
1663182,4
1663633,4
1669074,4
1669727,4
1670824,4
1671306,4
1671307,4
1672724,4
1674610,2
1674612,4
1675004,2
1677280,2
1677658,4
1679942,4
1683027,4
1684861,4
1685146,4
1685782,4
1686210,4
1687416,4
1687850,4
1688204,4
1689034,4
1690323,4
1691377,4
1692113,4
1693594,1
1694153,4
1694471,4
1694667,4
1694936,4
1695081,5
1695742,4
1696228,4
1696449,4
1699059,5
1699807,4
1699951,4
1700807,4
1700860,2
1700911,4
1701231,1
1701973,2
1702497,4
1703819,4
1703979,2
1704365,2
1704443,4
1705100,4
1706706,4
1707136,4
1707520,4
1707552,4
1707956,4
1708078,4
1708876,4
1709967,4
1710364,4
1710446,4
1712038,2
1713194,4
1713195,4
1715388,5
1717725,4
1719460,4
1719462,4
1720322,4
1721227,5
1722328,4
1723355,2
1724778,4
1725721,4
1725865,4
1726467,4
1726707,4
1726732,4
1729106,4
1729695,4
1730778,4
1731425,4
1731427,5
1731547,4
1731864,4
1731941,4
1734134,4
1735963,4
1735964,4
1735965,1
1736609,4
1737032,4
1739039,5
1740230,4
1740456,4
1741820,5
1743307,3
1745149,5
1745185,1
1745216,4
1747073,5
1747917,4
1747948,4
1748324,1
1749049,4
1750784,4
1751589,4
1752513,4
1754476,5
1755946,4
1757027,4
1758390,4
1758649,4
1759950,4
1761151,4
1761439,4
1761700,4
1761780,4
1761781,4
1762605,4
1762878,4
1763111,2
1763268,4
1764597,1
1766433,4
1766434,4
1766683,5
1767190,1
1767701,4
1768465,2
1768466,4
1768645,4
1768646,4
1768977,4
1770051,4
1773715,2
1775137,4
1775138,4
1775395,4
1778572,4
1778573,4
1778574,4
1778613,4
1778684,4
1779401,2
1780254,4
1781965,4
1782664,4
1783122,4
1784327,2
1786461,2
1788361,4
1788363,4
1789135,4
1791199,4
1791200,4
1791640,4
1791782,4
1792198,4
1792348,4
1792721,2
1795517,4
1795858,2
1796895,4
1797352,4
1799656,4
1801382,4
1801554,4
1805447,4
1806980,4
1807021,4
1808437,4
1809541,4
1809807,4
1811046,4
1811867,4
1811899,2
1811900,4
1812850,4
1813288,4
1817408,4
1817485,4
1817741,4
1817885,4
1817886,4
1818267,4
1818451,4
1818863,2
1820402,2
1821088,5
1821375,4
1821376,4
1822939,1
1823236,4
1826378,4
1826762,2
1827655,4
1830053,2
1830323,2
1830324,4
1830479,2
1830587,4
1830619,4
1834169,4
1834396,4
1834995,5
1836331,4
1836757,4
1838986,4
1839027,5
1839519,4
1840754,4
1841064,4
1841319,4
1841321,4
1841324,4
1842897,1
1844573,4
1846162,4
1846163,4
1846164,4
1846173,2
1847219,4
1852581,4
1853333,5
1855155,2
1855530,4
1856571,4
1856626,4
1856933,4
1857728,1
1858142,4
1858358,4
1858598,4
1859461,4
1860473,4
1860784,4
1861619,5
1862959,4
1863296,2
1863396,4
1863752,4
1864049,4
1864075,4
1866276,4
1866484,4
1866609,4
1866824,4
1866980,4
1867176,4
1868858,4
1869941,4
1871652,4
1872347,4
1872353,4
1873864,5
1874357,4
1874874,4
1875701,1
1877668,2
1878043,4
1878683,2
1879424,4
1879760,2
1879789,5
1883576,4
1883577,2
1883863,4
1884175,4
1885228,4
1885589,5
1886207,4
1886918,2
1887002,4
1888013,4
1890475,4
1890834,4
1890872,5
1890873,4
1891588,2
1891737,4
1892858,5
1894792,4
1896818,5
1897087,4
1897153,4
1897776,4
1899767,4
1899996,4
1900576,4
1900578,2
1900905,4
1901217,4
1901835,5
1901847,4
1902031,4
1902072,4
1902153,4
1902974,4
1903441,1
1903485,4
1904180,5
1905397,4
1906591,4
1908047,4
1908048,4
1908851,4
1908987,4
1909017,4
1909552,4
1910249,4
1911802,4
1912205,4
1912215,1
1913644,2
1913729,5
1915470,2
1915546,4
1916225,4
1917053,4
1917174,4
1917857,4
1918529,4
1920109,4
1920111,4
1924350,4
1924667,4
1925396,4
1926980,4
1927534,4
1928436,4
1928445,2
1929420,1
1931563,2
1931803,4
1932394,4
1932395,4
1932397,4
1936742,4
1937673,4
1941652,4
1942089,4
1942342,4
1946472,4
1946673,5
1947512,4
1947548,4
1949238,4
1949841,4
1949842,4
1951109,4
1951679,4
1953047,1
1953610,4
1954323,2
1954364,4
1954986,2
1958366,4
1958769,4
1959540,4
1960235,4
1960236,4
1961245,4
1961704,4
1962532,4
1962579,1
1962858,4
1963935,4
1966561,4
1967649,4
1969294,4
1970517,2
1970585,4
1971740,4
1974691,4
1974694,4
1975767,4
1976659,4
1978452,4
1978487,2
1979023,1
1981362,4
1985632,4
1987510,4
1987909,4
1988096,4
1988097,2
1990172,4
1990173,1
1992059,2
1992359,4
1992954,4
1992961,4
1993178,4
1993207,4
1994197,2
1994844,2
1995817,5
1996111,4
1996112,4
1996311,4
1999535,4
2000059,4
2002622,4
2002959,2
2004701,4
2004709,4
2006201,4
2006649,4
2006650,4
2006904,4
2007851,4
2009975,4
2013061,5
2013570,4
2014250,2
2014466,2
2016903,4
2018024,4
2018503,5
2021070,4
2022312,4
2025002,4
2029312,4
2029648,4
2030120,4
2030855,4
2030886,4
2032037,4
2032038,5
2032046,4
2034005,4
2038098,4
2038452,4
2041476,4
2042322,4
2042334,4
2043906,5
2044884,4
2048463,2
2048611,4
2049788,4
2049793,4
2050200,4
2050766,4
2052430,2
2054310,4
2055709,4
2057582,1
2057828,4
2059450,4
2059490,4
2059722,2
2062049,4
2062555,4
2062587,5
2065845,4
2066564,4
2068347,4
2068348,2
2070042,4
2070493,4
2071202,4
2073177,1
2073178,2
2073843,5
2073844,4
2075823,4
2077705,1
2079163,4
2079766,2
2079811,5
2080442,4
2080762,4
2083146,4
2084280,4
2084337,2
2084638,4
2085106,2
2085833,5
2085838,2
2090318,4
2093631,2
2094631,4
2097466,3
2098694,2
2099245,1
2100562,4
2101203,2
2103469,4
2107280,5
2108211,5
2110005,4
2110006,4
2110007,4
2110008,4
2110650,4
2110953,5
2113417,4
2116161,2
2119712,4
2121825,2
2122822,2
2124901,4
2125770,4
2127268,5
2127899,4
2129618,4
2131601,1
2134339,2
2135593,4
2136953,4
2141357,4
2141895,4
2142351,2
2142614,5
2142933,4
2146543,4
2146576,1
2148434,4
2148725,4
2150645,1
2150903,4
2150910,2
2152185,4
2155478,4
2155643,4
2156661,4
2156662,4
2158104,4
2158105,4
2159779,4
2160719,2
2161293,4
2162263,4
2162523,4
2163062,1
2165906,4
2165981,2
2166135,4
2166357,5
2168650,4
2170321,4
2171963,4
2171964,4
2175477,5
2178396,4
2178398,4
2178420,3
2178422,4
2178425,4
2178426,5
2180128,5
2181910,5
2186765,4
2188957,2
2191654,2
2191714,4
2199748,5
2206235,4
2206321,4
2206323,1
2206324,4
2209248,4
2211155,4
2212173,4
2213986,3
2215338,4
2225184,2
2225221,4
2226723,4
2231454,4
2231455,4
2232410,1
2233240,4
2233307,2
2237017,4
2237303,4
2239936,4
2240440,4
2241071,4
2241877,3
2242474,4
2243494,5
2244263,4
2244281,4
2244512,4
2248793,4
2250866,5
2254762,4
2255052,3
2260494,4
2261027,4
2261618,2
2263183,4
2264210,4
2264211,4
2264426,5
2267084,4
2267086,4
2267088,4
2267089,4
2267090,4
2267377,5
2267810,5
2272700,4
2272721,5
2275165,4
2275512,3
2276667,4
2277423,4
2278421,4
2280584,4
2282264,5
2282759,4
2285735,4
2286471,3
2289158,4
2289480,4
2296448,1
2296940,4
2298005,4
2300033,4
2300298,4
2302660,4
2302685,4
2304184,4
2304186,4
2304187,4
2305754,5
2308529,4
2308532,4
2309580,4
2309888,2
2314266,3
2319014,4
2320023,4
2320027,4
2506932,4
2525701,4
2594127,4
2654510,4
2830795,3
2841416,2
2842982,3
2843842,2
2844249,4
2846501,4
2847117,4
2848674,4
2848840,5
2848984,4
2850011,4
2850751,4
2851062,4
2851224,4
2851842,3
2852106,2
2852631,5
2853171,4
2853251,5
2853515,4
2853753,4
2853887,4
2854429,1
2854452,4
2854810,5
2855209,4
2855645,4
2856246,4
2857011,4
2858344,2
2861287,4
2862092,5
2862118,4
2862172,4
2862641,4
2863586,4
2863872,4
2864740,4
2865420,4
2866313,4
2867941,4
2868960,4
2870064,4
2870586,5
2870860,4
2871589,4
2872948,1
2873016,4
2873127,4
2873535,3
2873613,3
2873886,4
2874194,5
2874865,4
2875131,4
2875676,4
2875692,4
2876784,1
2877484,4
2878229,4
2879324,4
2880739,2
2883604,3
2883614,4
2885268,4
2886046,4
2886241,4
2886388,4
2886488,3
2886522,4
2886974,4
2887514,4
2888453,4
2889034,3
2891226,3
2891807,4
2892568,4
2892600,4
2893197,4
2893739,4
2894121,4
2894128,4
2894917,4
2895063,2
2895185,4
2898091,4
2898379,4
2899381,4
2900838,4
2901021,4
2901023,2
2901395,4
2901587,4
2901672,4
2902034,4
2905225,4
2906726,2
2907646,5
2907855,4
2909129,4
2909564,4
2910687,4
2911677,4
2914116,4
2914902,5
2915348,4
2915554,5
2916614,4
2918212,4
2918680,4
2918783,4
2918791,4
2919494,4
2919648,3
2920434,4
2920910,4
2921054,4
2921632,4
2922414,4
2925515,4
2926299,4
2926535,4
2928139,3
2928209,4
2928753,4
2929033,4
2929355,4
2930352,2
2932311,4
2934109,4
2934921,4
2937513,4
2937813,4
2938053,4
2940699,4
2941520,4
2941752,4
2941794,4
2944140,4
2944951,4
2946230,4
2947318,4
2947414,4
2947519,4
2948304,5
2949610,2
2951024,3
2951455,4
2951533,4
2951685,4
2951991,4
2952806,4
2953824,4
2953874,4
2956108,4
2956265,2
2957174,2
2959178,4
2960208,4
2960411,4
2961091,5
2961445,3
2962112,4
2963192,4
2965207,4
2966682,4
2966877,3
2966887,4
2967703,3
2968053,3
2968644,4
2968663,4
2969391,4
2970306,3
2970767,4
2970926,4
2971275,2
2972750,3
2972854,4
2973065,4
2974074,2
2974521,4
2974708,5
2975610,4
2978651,2
2980388,4
2981371,4
2983464,4
2983554,4
2984563,4
2984812,4
2985609,2
2985774,4
2986710,4
2987355,3
2988271,2
2990644,4
2990739,4
2991937,4
2995382,4
2996804,4
2998338,4
2998673,4
2999110,4
3000268,4
3001140,4
3001295,4
3002346,4
3002508,1
3002837,4
3003225,5
3004018,2
3005286,2
3005624,4
3007035,3
3008534,4
3008554,4
3009017,2
3009641,4
3010291,2
3011326,4
3011675,4
3011867,4
3012155,4
3012178,4
3012445,4
3013105,4
3013119,4
3013732,5
3014216,4
3014321,4
3016323,2
3017003,4
3017110,4
3017207,4
3017301,2
3017769,4
3017844,4
3018357,4
3018438,4
3018676,1
3018957,3
3019129,4
3020264,4
3020456,4
3020634,4
3020825,5
3021052,4
3021221,4
3022035,4
3023855,4
3023875,4
3023935,4
3024282,5
3025625,4
3029242,5
3029592,4
3030417,4
3031519,4
3032143,3
3032315,4
3032692,4
3034382,2
3034549,4
3034585,5
3035177,4
3036531,4
3037145,4
3037247,4
3037416,4
3038384,2
3040037,4
3040118,4
3040137,4
3040198,5
3040790,4
3041238,3
3042173,4
3042379,4
3042792,4
3042995,4
3043461,4
3043900,4
3044014,4
3046073,4
3046165,4
3046841,4
3046984,4
3048675,4
3049679,5
3050138,4
3051238,4
3052309,5
3053418,4
3054657,2
3055874,4
3056744,4
3057381,4
3057558,2
3059019,4
3060315,4
3060357,4
3061136,4
3061540,5
3063177,4
3064403,4
3065412,4
3067634,1
3068193,4
3068666,5
3068667,4
3069215,4
3069349,4
3070062,4
3070164,4
3071253,4
3074945,4
3077567,4
3078224,4
3078647,5
3079512,4
3080976,4
3081799,4
3083413,4
3084173,4
3084944,4
3088388,4
3089181,4
3090333,5
3091880,1
3094277,5
3094482,4
3094627,4
3094913,1
3096435,4
3097284,1
3097994,4
3098442,4
3099387,4
3101052,2
3101471,4
3101555,4
3102006,4
3102150,4
3104610,4
3104677,1
3104703,4
3106875,4
3107975,4
3108797,2
3109583,4
3109991,4
3110015,4
3111077,4
3113669,4
3115928,4
3116818,4
3117708,4
3118364,3
3118954,5
3119493,4
3119723,4
3121822,4
3122405,4
3123406,4
3123602,4
3123835,4
3124028,4
3125238,1
3125567,4
3125666,4
3125944,4
3126559,2
3127805,4
3128556,4
3128756,1
3129252,4
3129693,5
3129769,4
3130308,4
3130741,5
3130972,4
3132464,4
3133239,2
3133257,4
3133341,4
3134250,4
3136790,4
3138768,2
3138902,4
3139480,4
3140823,4
3141661,4
3141802,4
3142229,3
3142568,4
3144420,4
3144578,3
3144856,4
3145479,4
3147558,4
3148240,4
3149308,4
3152846,4
3153303,4
3154031,3
3154372,4
3155494,2
3156197,2
3157232,4
3158806,2
3158825,4
3159158,4
3159166,2
3159169,2
3159171,2
3161327,4
3161486,4
3162513,3
3162863,5
3163068,3
3163123,4
3163180,2
3164206,4
3164716,4
3164889,5
3165725,4
3165881,4
3166360,4
3166525,2
3167138,4
3168478,5
3168506,5
3169015,4
3169320,4
3169878,4
3170584,4
3171594,2
3172288,2
3173874,4
3175408,2
3175663,1
3176407,4
3176805,4
3179283,5
3179620,5
3180228,4
3181310,4
3181345,4
3185061,4
3185280,4
3187132,4
3188238,5
3188912,4
3188966,3
3190342,4
3192515,4
3192712,4
3194405,4
3195242,4
3199408,4
3199538,4
3200146,4
3200217,4
3200546,4
3201171,4
3201400,3
3201880,4
3201931,4
3202629,4
3202829,4
3203112,5
3203702,4
3203720,4
3206143,4
3206249,5
3208069,4
3209106,4
3210732,4
3210764,4
3212612,4
3213452,4
3213488,2
3213511,4
3214413,4
3214444,4
3215084,4
3216731,4
3217814,3
3219032,4
3219967,4
3220445,4
3221944,4
3222693,4
3224582,4
3225025,4
3225217,4
3226655,4
3227053,4
3230787,4
3231537,4
3231956,2
3232134,3
3233668,4
3233963,2
3234835,4
3236649,4
3238473,4
3238493,4
3240489,3
3241400,1
3241978,5
3242267,3
3242589,4
3243451,2
3244460,4
3246295,4
3250911,4
3251889,4
3253107,4
3256950,4
3257894,4
3257959,1
3258224,5
3259552,4
3259630,4
3260580,2
3260936,4
3261291,1
3261965,2
3263352,4
3263358,4
3264044,2
3264298,4
3264741,5
3265296,4
3265443,2
3266557,4
3266724,4
3267079,4
3267702,4
3269209,4
3274300,2
3274634,4
3275437,4
3275716,4
3275945,4
3276504,4
3277031,4
3277895,4
3278088,4
3278366,4
3278382,4
3278578,4
3278695,4
3278904,4
3279143,1
3279280,4
3279990,5
3280574,4
3281038,4
3281255,4
3285123,4
3286064,4
3289666,4
3290268,2
3291791,4
3291960,4
3294205,4
3295768,4
3295927,4
3296876,4
3297025,4
3297389,3
3298090,4
3301867,4
3302749,5
3304992,5
3305674,4
3307362,4
3308318,2
3308402,4
3309256,4
3310784,4
3311040,4
3311925,3
3313037,4
3313616,5
3314162,5
3314533,1
3314984,4
3315206,4
3315914,4
3316412,4
3316778,4
3316951,4
3318185,4
3320507,2
3322467,4
3322772,4
3325674,1
3326659,3
3327109,4
3327728,4
3331072,4
3331699,4
3331875,4
3332063,4
3335250,4
3336635,4
3339370,4
3339598,4
3339943,4
3341301,4
3342435,4
3342869,5
3345466,4
3346054,4
3347169,4
3351452,4
3354807,4
3355386,5
3356001,4
3356721,4
3356735,2
3357878,4
3359829,4
3360208,4
3361675,4
3362157,4
3365475,4
3365561,4
3368008,4
3368272,4
3368580,2
3369385,4
3370060,2
3370559,4
3372613,5
3372914,4
3372962,3
3373026,4
3373056,4
3373189,1
3377943,4
3378218,4
3378231,4
3379753,4
3380101,4
3381455,4
3383935,4
3384026,4
3385071,4
3385468,2
3386985,4
3387457,2
3390361,4
3390739,4
3391458,4
3391998,4
3392273,4
3393901,4
3394723,4
3395423,4
3395476,4
3396736,2
3400204,4
3401353,4
3406259,5
3407009,2
3407610,4
3408455,4
3408666,3
3409735,4
3410091,4
3411034,4
3411205,4
3411391,4
3411629,4
3413165,4
3413804,2
3415052,4
3416403,4
3417192,4
3418175,4
3419155,3
3426747,5
3427198,4
3427417,1
3428258,4
3429313,3
3429660,4
3432452,4
3434112,4
3434185,4
3434245,4
3436130,2
3438339,4
3438926,4
3439119,5
3439968,4
3441855,4
3442056,4
3442373,4
3442377,4
3442492,4
3443342,4
3444908,4
3445326,4
3448189,4
3449368,4
3453160,4
3454556,4
3454855,2
3456379,4
3457345,4
3461301,4
3462114,4
3462511,4
3466535,5
3466650,4
3470614,4
3471050,4
3471185,4
3471505,4
3472798,4
3475489,4
3477454,4
3478254,4
3479408,4
3479646,4
3479724,4
3480534,4
3481286,4
3481767,4
3483315,4
3483928,4
3484308,4
3484738,4
3485976,4
3488283,3
3489923,4
3490001,4
3490617,4
3491070,4
3494633,5
3497677,4
3499030,4
3499200,4
3501289,4
3502193,2
3504504,4
3504525,4
3504885,4
3505345,4
3505871,4
3509273,5
3509501,4
3514671,5
3517233,1
3522589,4
3522628,4
3524321,1
3529107,4
3529279,4
3529286,4
3529542,4
3529946,4
3531368,4
3533364,4
3538295,4
3539756,4
3539922,4
3543215,1
3544343,4
3547990,4
3548073,4
3552058,4
3557871,4
3558832,4
3560944,4
3562628,2
3563319,4
3563536,4
3567202,5
3569981,4
3570579,4
3577802,4
3578187,2
3580230,5
3580504,4
3582261,4
3583701,4
3585956,2
3587098,4
3588865,4
3589771,5
3591139,4
3591914,2
3592133,4
3593305,4
3593862,3
3593873,4
3594455,4
3597805,4
3598094,4
3604098,4
3604882,4
3605035,4
3605046,4
3606710,4
3607113,3
3608930,4
3610384,4
3611184,4
3613170,4
3614935,2
3615853,2
3624628,2
3625650,4
3625695,4
3626305,4
3627707,2
3630611,4
3634100,4
3634793,4
3641419,4
3641496,4
3643539,4
3645283,2
3649072,4
3651067,4
3652306,1
3653768,4
3655308,4
3657410,4
3659286,4
3661041,4
3661316,4
3661794,5
3661998,4
3665209,4
3669370,4
3677140,2
3677311,4
3678953,4
3680121,4
3682640,4
3684082,4
3688631,4
3689547,3
3689564,4
3689632,2
3689640,1
3692884,4
3693082,4
3694262,4
3696008,4
3698465,4
3700263,4
3700295,4
3700879,4
3701637,4
3702183,4
3704070,4
3704233,5
3704774,4
3705745,4
3709690,4
3716909,4
3719594,4
3719609,4
3729690,4
3730305,4
3730857,4
3732241,4
3734239,4
3734822,4
3735754,2
3739266,4
3741752,4
3745875,4
3746815,4
3750769,4
3752007,4
3753337,4
3754263,4
3754386,4
3754783,4
3758409,4
3758916,4
3758920,4
3763522,2
3766059,2
3766404,4
3771661,4
3773244,5
3774535,4
3776686,4
3776944,4
3777108,1
3781426,1
3782291,4
3784909,4
3787956,4
3792363,2
3800554,4
3800561,4
3801757,4
3802959,4
3807582,4
3807968,4
3814528,3
3814853,4
3815228,2
3819346,5
3828164,4
3830880,4
3831894,5
3832376,4
3834260,5
3836534,4
3836692,2
3837560,4
3838171,4
3842065,1
3847709,4
3850997,4
3851310,4
3853648,4
3856590,4
3856915,4
3856990,4
3860081,4
3861165,4
3862953,4
3865615,4
3868278,5
3868549,2
3869971,4
3870543,4
3872337,3
3872556,2
3872914,1
3876121,3
3876223,4
3877339,4
3877428,4
3879264,4
3881235,4
3881878,4
3888122,4
3896194,4
3897423,4
3899614,4
3900530,1
3901081,2
3906378,3
3907659,4
3907851,4
3911746,4
3913200,4
3915193,4
3915844,4
3918380,3
3922145,2
3922333,4
3922355,4
3924836,4
3926762,4
3926797,4
3928014,4
3931859,4
3932139,4
3933675,4
3939525,2
3940963,5
3941562,4
3941566,4
3945618,4
3945643,4
3946460,4
3948962,2
3949000,4
3949380,5
3954164,4
3954471,4
3955109,4
3955388,4
3955493,3
3956774,2
3967056,4
3967255,4
3967621,4
3968065,4
3970371,4
3973086,4
3974489,4
3974723,4
3975409,4
3979295,1
3979310,4
3983528,2
3985169,4
3986230,2
3986518,2
3987071,4
3988410,4
3989480,4
3990641,4
3992912,4
3995362,5
3997957,4
4000554,4
4002745,4
4002866,1
4002962,4
4006615,4
4006729,4
4006745,4
4007596,4
4008272,1
4011278,4
4011413,4
4011643,4
4015224,5
4015460,4
4017084,4
4017625,2
4017721,4
4018614,4
4020256,4
4025318,4
4026281,2
4026728,4
4027567,4
4028726,4
4029687,4
4029916,2
4030356,4
4030622,4
4031941,4
4032292,4
4034613,4
4035131,4
4039042,4
4039834,4
4040675,1
4044380,5
4047547,4
4049233,4
4050114,5
4052438,2
4052997,4
4055327,2
4056704,5
4058991,4
4060473,2
4062732,4
4064471,4
4064655,2
4064781,1
4066897,4
4067090,2
4068898,2
4076739,4
4078142,2
4079037,4
4079146,2
4083052,4
4087905,4
4089451,4
4090174,4
4090702,4
4090808,4
4091140,4
4092948,4
4093463,4
4093503,3
4094103,2
4098248,4
4098250,4
4098367,4
4099728,2
4100085,4
4100838,4
4103133,4
4108355,5
4109574,4
4112758,2
4114349,4
4115517,4
4115886,4
4116486,1
4116754,4
4117311,2
4118974,4
4121475,4
4121861,1
4122573,4
4122691,4
4123130,4
4124311,4
4124521,2
4124596,4
4127887,1
4128382,4
4129445,4
4131174,4
4131192,4
4138395,5
4138731,2
4141609,4
4141820,5
4147223,4
4147887,4
4150528,4
4150671,4
4152493,4
4156537,5
4157265,4
4161504,4
4163633,4
4164869,2
4169922,4
4171140,4
4174841,4
4176640,4
4177004,5
4177812,4
4178028,4
4179937,4
4183153,4
4184570,4
4186434,4
4188178,1
4189264,4
4189433,4
4190265,4
4191829,4
4192785,4
4194732,2
4196884,4
4200023,4
4200746,5
4200754,4
4200756,4
4200758,4
4200760,4
4200761,4
4200762,4
4200763,4
4200764,4
4200768,4
4201023,4
4206415,4
4206475,4
4207458,2
4209594,5
4210722,4
4211613,4
4212064,4
4216576,4
4217844,4
4217846,1
4219786,1
4220033,4
4220441,4
4221982,4
4222007,4
4222224,4
4223586,4
4226914,4
4228046,4
4229416,4
4229586,3
4233866,4
4235399,5
4235477,1
4236288,4
4237945,4
4239076,4
4241350,4
4242555,3
4242859,4
4244971,4
4245984,4
4247745,4
4251563,4
4251808,4
4253380,4
4256114,4
4256119,4
4256185,4
4259513,4
4260391,4
4260556,4
4260825,5
4266459,4
4266824,4
4268217,4
4268442,2
4272249,4
4273638,4
4274288,4
4279426,5
4279979,3
4282203,4
4283008,5
4283378,2
4284533,3
4286868,4
4289178,4
4290932,4
4291822,4
4294153,4
4295644,1
4297585,4
4297957,4
4300080,5
4301468,4
4304175,4
4304267,4
4307083,4
4307680,4
4309030,4
4309292,4
4311467,4
4315241,3
4315360,4
4315487,2
4315795,4
4321329,4
4322279,4
4322362,2
4322608,4
4327180,4
4330043,5
4330949,4
4336164,4
4337627,4
4339811,1
4342042,4
4345967,4
4347641,4
4348168,4
4350199,4
4350779,1
4350898,4
4350899,4
4352833,1
4353183,4
4354331,4
4354683,4
4355303,5
4356712,4
4363742,5
4363838,4
4364243,4
4365434,2
4368023,3
4371731,5
4376692,4
4377189,3
4377481,2
4381393,4
4381699,3
4382348,4
4385962,3
4387488,4
4393493,4
4398089,1
4398215,4
4399498,4
4399836,2
4402648,5
4405980,4
4409233,4
4410509,4
4410844,4
4411205,4
4415996,4
4416623,4
4421672,4
4422414,4
4423190,4
4424129,4
4426504,4
4427085,1
4428760,4
4428940,4
4429546,5
4430365,4
4433531,4
4433907,4
4435884,4
4436306,4
4438143,4
4439446,5
4442367,2
4442796,4
4442879,4
4444679,4
4449361,3
4449864,4
4457953,5
4459903,4
4463935,5
4464825,4
4465733,2
4466453,5
4466813,4
4483854,4
4491045,2
4491476,4
4491705,4
4491744,2
4492476,4
4493064,4
4494742,1
4499167,1
4501743,4
4502511,3
4504927,4
4505060,2
4508038,4
4512608,2
4512925,5
4513267,4
4515227,4
4515277,2
4516101,4
4517019,3
4522223,4
4524782,4
4529155,4
4529203,1
4529523,4
4532570,4
4535188,4
4542224,5
4543869,2
4545603,1
4547275,4
4548505,4
4548996,4
4551706,4
4553825,4
4555387,1
4555882,4
4559852,5
4560740,4
4561191,4
4565226,4
4570526,5
4573090,4
4574564,4
4576037,4
4578261,5
4585163,4
4587206,4
4587915,4
4589566,5
4591728,2
4591916,4
4593591,2
4597836,4
4598926,1
4600699,4
4601287,1
4603784,4
4604748,4
4604765,4
4606097,2
4608525,4
4610349,4
4614095,4
4615319,5
4615329,4
4615706,5
4615722,5
4618513,3
4618751,3
4620889,4
4621063,4
4621523,4
4622085,2
4622281,4
4623931,5
4626550,5
4631084,2
4631324,4
4632811,4
4632987,4
4634974,4
4635972,4
4640425,4
4641873,4
4642109,4
4642918,4
4645911,4
4650277,2
4651949,2
4653043,4
4653674,1
4654728,4
4662203,4
4664717,4
4666417,4
4666925,4
4667204,4
4668491,1
4668973,4
4669717,4
4669792,4
4669793,2
4671399,4
4671992,4
4672030,4
4672896,4
4674245,4
4674618,4
4676298,4
4677436,4
4678433,2
4679062,4
4681124,2
4681685,4
4682065,4
4682364,4
4684914,2
4690844,4
4691631,4
4692427,4
4693129,4
4693493,2
4694838,4
4695048,4
4695095,4
4696416,4
4699408,5
4699610,4
4702239,4
4704191,5
4705069,4
4706040,4
4706817,4
4707456,1
4710560,4
4715918,4
4719733,5
4724933,2
4724980,2
4727844,4
4729270,4
4730607,1
4731761,4
4731939,3
4732791,5
4733267,4
4735028,1
4737850,4
4738453,5
4738483,4
4740489,4
4743206,4
4748418,4
4751325,4
4753885,4
4754503,4
4754839,4
4755291,4
4757091,4
4757326,4
4762329,4
4764169,4
4765320,4
4768525,4
4768627,3
4769660,4
4770512,2
4771370,4
4771433,4
4773689,4
4777392,4
4777960,4
4778016,4
4778745,4
4778882,5
4781330,4
4782178,4
4782624,4
4785424,4
4786836,2
4787237,4
4788080,4
4790112,4
4790750,4
4793263,3
4797601,4
4799239,4
4800009,4
4800498,4
4803288,3
4803801,4
4804240,2
4806017,3
4808533,3
4809951,5
4810662,4
4811470,3
4813158,4
4817797,3
4819402,4
4820254,4
4821215,4
4821315,4
4821593,2
4822152,2
4822267,4
4822851,4
4823326,4
4826837,4
4827077,2
4829355,4
4830703,1
4831207,4
4833481,4
4833488,1
4833735,4
4834695,4
4838425,5
4841212,2
4841259,4
4842339,5
4851766,4
4855197,2
4855693,4
4856052,4
4856733,4
4857305,4
4859019,4
4860834,3
4861064,4
4861343,4
4862919,1
4863872,5
4866294,4
4866310,4
4870174,4
4870629,5
4874202,4
4877239,5
4877828,4
4881711,5
4882853,4
4884975,4
4885780,4
4886228,4
4887466,3
4889335,4
4890541,4
4893040,4
4893583,4
4896129,4
4896419,4
4900451,4
4902217,4
4907000,4
4909494,4
4911251,2
4912648,4
4913186,3
4920354,4
4921286,5
4922589,1
4923192,2
4925098,4
4929383,3
4930158,4
4930323,4
4930711,4
4931795,4
4932287,4
4936813,3
4938219,4
4938760,2
4939166,4
4939588,4
4944269,4
4944648,2
4944938,4
4946819,2
4947554,4
4947712,5
4948922,4
4952873,4
4953996,4
4956145,4
4957152,4
4959528,5
4961001,4
4965599,4
4966528,3
4968880,4
4970334,4
4970829,4
4974542,4
4976373,4
4978657,5
4980294,2
4980503,4
4980877,2
4982532,4
4984005,3
4984967,3
4985037,5
4987057,4
4987092,4
4989708,4
4990461,2
4991552,4
4995402,4
4995599,4
4998025,3
4999310,4
4999462,2
5002414,3
5002925,4
5004849,4
5006574,4
5008053,2
5009294,4
5014923,2
5014995,3
5016163,3
5017169,3
5022362,4
5024327,4
5024780,4
5025990,5
5027000,4
5028783,4
5029846,4
5029849,4
5031124,2
5031285,4
5031957,3
5033663,2
5034356,2
5035026,2
5037273,4
5040014,5
5041267,4
5041531,4
5042137,5
5045463,4
5055008,3
5058442,4
5058531,2
5060526,4
5065237,4
5067378,4
5069487,4
5075938,4
5076155,4
5077240,4
5079014,4
5081386,4
5083423,4
5084377,4
5084955,4
5085308,4
5088295,2
5088530,5
5090280,4
5090566,3
5091143,4
5092644,4
5092977,1
5094502,4
5094937,4
5095142,1
5096135,4
5099047,4
5099809,4
5104049,4
5105421,4
5105618,2
5106164,4
5106184,4
5106599,5
5108846,4
5114723,4
5117903,4
5120171,2
5121278,4
5122497,5
5122809,4
5126470,4
5129504,4
5131939,4
5137286,4
5137334,5
5138208,2
5138670,2
5138777,5
5141882,4
5146517,4
5147771,4
5147933,2
5148134,4
5148395,4
5150108,4
5150740,5
5161465,4
5165080,4
5165345,3
5165585,4
5167470,4
5167641,4
5169357,1
5172741,5
5176048,4
5177087,4
5180456,4
5181529,5
5188376,5
5188712,1
5197075,5
5197241,4
5197328,2
5197606,5
5197773,4
5197930,1
5198226,5
5200361,5
5200520,4
5200970,2
5202948,1
5206237,4
5208602,2
5213278,4
5217670,3
5219131,4
5220049,4
5222984,4
5226263,5
5226682,4
5227903,2
5229528,4
5229594,2
5230192,4
5231753,4
5232522,2
5233123,5
5235235,4
5236162,3
5239806,4
5241115,4
5241508,2
5242417,4
5242751,4
5246660,4
5247637,4
5247996,4
5249120,1
5249271,4
5250795,4
5253382,4
5257989,4
5261575,2
5262618,4
5265355,4
5266342,4
5267614,5
5268364,4
5270090,4
5270783,4
5271257,4
5273388,4
5273961,4
5274931,5
5278039,4
5278376,4
5279665,4
5280482,2
5282075,4
5282686,4
5285326,3
5286254,3
5287357,2
5287637,2
5288290,4
5288995,4
5289531,4
5292961,4
5300591,4
5300743,4
5302627,4
5304564,5
5306871,4
5307831,4
5308426,4
5308675,4
5314427,4
5314437,4
5314446,4
5314455,4
5314474,4
5314477,4
5314478,2
5314480,2
5314482,4
5314484,4
5314500,5
5314505,2
5314509,2
5314510,4
5314517,4
5314521,4
5314522,4
5314529,4
5314530,2
5314536,4
5314537,4
5314538,4
5314544,4
5314545,4
5314546,4
5314551,2
5314554,4
5314558,4
5314559,4
5314864,4
5315187,4
5318574,2
5321647,3
5322764,4
5324280,3
5325226,5
5325349,4
5328661,4
5332099,4
5332170,4
5340686,4
5340988,4
5342033,4
5342686,4
5345048,5
5353933,4
5355204,4
5355977,4
5356884,4
5357951,4
5358938,4
5360935,4
5362026,3
5364297,4
5365914,4
5367241,4
5367494,4
5367712,4
5369242,4
5370526,4
5371200,4
5371251,4
5371422,4
5371490,4
5372105,4
5372219,4
5375988,4
5376663,4
5376786,4
5377963,4
5378052,4
5381903,4
5382613,4
5383374,2
5384113,3
5385842,4
5386430,5
5387092,4
5387147,4
5387354,4
5388003,1
5388734,4
5389019,4
5389078,2
5389125,4
5390269,4
5390395,4
5392997,4
5393793,5
5396510,2
5396574,4
5397592,4
5397984,4
5398676,4
5399259,5
5400120,4
5404009,4
5404411,4
5405237,2
5407510,4
5413399,4
5414473,4
5414591,4
5416511,4
5416525,4
5417454,4
5417587,3
5418499,4
5419021,2
5420020,4
5421656,4
5421848,4
5422304,4
5422323,3
5422516,5
5422518,4
5422799,4
5424989,4
5425493,4
5425887,4
5429259,4
5430555,2
5431886,4
5432364,4
5434416,1
5434440,5
5434796,5
5435777,4
5439398,4
5440374,4
5443755,4
5443759,4
5444757,4
5446374,4
5448050,4
5448059,3
5448130,4
5448659,4
5448949,4
5449777,5
5450814,3
5451245,4
5453263,4
5456964,5
5457132,4
5457878,4
5459027,5
5462374,5
5468795,4
5468885,4
5472141,4
5472529,4
5472675,4
5474028,2
5474154,4
5474321,4
5474746,4
5475577,4
5475682,4
5476034,4
5476310,4
5478314,4
5478358,5
5479076,3
5479400,5
5482329,5
5484762,3
5487070,4
5487316,2
5488108,2
5488711,4
5489918,1
5490762,4
5491228,4
5492836,2
5493012,4
5493592,4
5494110,4
5494398,2
5496225,5
5499329,4
5499457,4
5499744,4
5499838,4
5501040,4
5502909,4
5503582,2
5503718,2
5505506,4
5506024,4
5509706,4
5510100,4
5510275,4
5511111,4
5511221,4
5511589,4
5513279,4
5514544,4
5514731,5
5515538,4
5519252,4
5519778,2
5522390,4
5523725,5
5524890,4
5525125,4
5525549,4
5525838,3
5527849,4
5532470,2
5532785,4
5533029,4
5534601,4
5536487,5
5536823,4
5536943,4
5540122,4
5540855,3
5540878,3
5541109,5
5541279,4
5541285,4
5544012,5
5544108,4
5545357,5
5548547,2
5550631,4
5555136,4
5558786,4
5559974,4
5560330,4
5560449,1
5560536,5
5561306,4
5561473,4
5561737,5
5564342,4
5565048,4
5565794,5
5568589,3
5569754,4
5570549,4
5571412,5
5573646,5
5575368,4
5576158,4
5576839,4
5578576,4
5578703,4
5580609,1
5580778,3
5580806,4
5581335,3
5583419,5
5583742,4
5583828,4
5583949,3
5584024,3
5585288,4
5587279,5
5589967,4
5590258,4
5590867,2
5592097,4
5596275,3
5596367,4
5597773,5
5599511,4
5599891,4
5601227,4
5601892,4
5602246,5
5604982,5
5605293,4
5607039,5
5607391,4
5607460,2
5613318,2
5614571,5
5614986,4
5616982,1
5616984,4
5622113,4
5622913,4
5623281,5
5623684,4
5623760,4
5630273,3
5632427,5
5633118,4
5633965,2
5634046,2
5634958,2
5636050,4
5637936,4
5639021,4
5639779,4
5640102,4
5641322,5
5641779,4
5642433,4
5643833,4
5644766,4
5645360,2
5647550,4
5650572,5
5651751,3
5652039,4
5652310,4
5652654,5
5653661,4
5657534,4
5657620,5
5657870,4
5658247,3
5658828,4
5659308,3
5660891,4
5661640,4
5662174,4
5662634,4
5664162,4
5665420,4
5666278,4
5666755,4
5667330,1
5668060,4
5669124,4
5669149,4
5671510,4
5675223,4
5675474,5
5679898,2
5680607,3
5682655,4
5684411,4
5684809,4
5687050,4
5687132,4
5690312,4
5696433,5
5697250,4
5707166,4
5707692,4
5708231,5
5708237,4
5708937,2
5709310,3
5710283,4
5713018,2
5714778,4
5717546,4
5717685,4
5718642,4
5719337,4
5720341,2
5722317,5
5723455,4
5724157,4
5730494,4
5734725,3
5736262,2
5736358,4
5737043,4
5737615,4
5739075,4
5739849,4
5740929,4
5741583,4
5742400,4
5742436,4
5743202,5
5743850,4
5744831,4
5751118,4
5752510,4
5753256,2
5754872,4
5757666,3
5759009,4
5759751,4
5759890,4
5760234,5
5761311,3
5761441,5
5761531,4
5762144,4
5762192,4
5762678,4
5763064,5
5764271,4
5766087,2
5766706,2
5766920,4
5767176,4
5768629,4
5768978,1
5769592,2
5770653,4
5772827,5
5773222,4
5774267,4
5775160,4
5775340,4
5776991,4
5777228,4
5777875,2
5779509,4
5780209,3
5782348,4
5783445,4
5783810,4
5784050,2
5784682,4
5786617,5
5789466,4
5789914,4
5791541,4
5791885,4
5795366,4
5795733,3
5796310,4
5796800,2
5797343,4
5798578,5
5798644,5
5798654,4
5798840,5
5798921,5
5799055,4
5800020,4
5800202,3
5801541,5
5801893,2
5802194,5
5803014,4
5803074,4
5805103,4
5805519,5
5806344,4
5807973,3
5808290,4
5808631,5
5809925,4
5810882,4
5811162,4
5811942,4
5812875,4
5815524,4
5815756,5
5817063,4
5817208,4
5818371,1
5818492,4
5818946,4
5819511,4
5820813,4
5824565,4
5824954,2
5825929,4
5826174,4
5828004,5
5828542,4
5829157,3
5829873,5
5831353,4
5833206,4
5835441,5
5839403,5
5844248,5
5844299,5
5844592,4
5844867,4
5846117,3
5848064,4
5848903,5
5850250,4
5853448,3
5855462,4
5857073,4
5857746,2
5857846,4
5860211,5
5864447,4
5867307,4
5868192,4
5869002,4
5870518,5
5872495,5
5876299,4
5877047,4
5877093,4
5877307,4
5877709,4
5879179,4
5882876,4
5886619,3
5887876,4
5887983,4
5888096,3
5889654,4
5890533,4
5892293,4
5894370,5
5895231,4
5895270,2
5896010,4
5897153,5
5897185,5
5897629,5
5897800,4
5899027,4
5900037,3
5903605,5
5905875,5
5906742,3
5909112,4
5910749,4
5912188,2
5915990,3
5920105,4
5920274,5
5921686,5
5921745,5
5923273,4
5924045,4
5925748,4
5926212,4
5927942,4
5929226,2
5929682,4
5930767,5
5932973,4
5933033,4
5935899,4
5936305,4
5938369,5
5938602,4
5938638,4
5939902,4
5939915,4
5940753,4
5940913,4
5942193,4
5942218,4
5942321,5
5942532,4
5942692,4
5942935,4
5943055,4
5944650,2
5945853,5
5946133,5
5948044,4
5952076,4
5952685,4
5956198,4
5956249,4
5958530,4
5958937,3
5959560,4
5960251,4
5961119,4
5961452,2
5961928,4
5963792,5
5964188,5
5964570,4
5965065,4
5966482,4
5967417,2
5969022,4
5969442,3
5969754,4
5970268,4
5970346,4
5972786,4
5973379,4
5974844,4
5974963,4
5977050,4
5977640,4
5977935,4
5979839,4
5988457,4
5989407,4
5990563,3
5991755,4
5992149,4
5994748,4
5994903,3
5995632,4
5995793,5
5997916,4
5998572,4
5999868,4
6001131,4
6001885,4
6003422,4
6005262,4
6005432,4
6005919,4
6006009,4
6006208,3
6007650,4
6008975,4
6009827,4
6010085,4
6012588,4
6013479,4
6015355,4
6016619,4
6018814,5
6019054,2
6019887,4
6020235,4
6020557,2
6020715,5
6021544,4
6022010,4
6023597,4
6023696,4
6028293,2
6029907,4
6032180,4
6032370,2
6032375,3
6032379,4
6033978,4
6034720,5
6036748,4
6037093,4
6037286,4
6037413,4
6039475,5
6039674,5
6040481,4
6041613,4
6041835,4
6043282,4
6043408,1
6045031,4
6047002,4
6048115,5
6049094,4
6049352,3
6049418,4
6049721,4
6050427,4
6052580,4
6052804,4
6053351,4
6053546,4
6054303,2
6055950,4
6059392,4
6059644,5
6060860,3
6062553,4
6064746,3
6065935,4
6066322,4
6066501,4
6066740,4
6067204,4
6067236,4
6067462,4
6068686,5
6068878,3
6076108,4
6079146,4
6079951,4
6080801,4
6081779,4
6082327,4
6083739,4
6085945,2
6088165,5
6088444,4
6088642,3
6089351,4
6089607,4
6090362,5
6091044,4
6092060,4
6093545,2
6094221,4
6094292,4
6096386,3
6096411,5
6099299,3
6102040,3
6102092,1
6102860,5
6102954,3
6103002,4
6103894,3
6104484,4
6106090,4
6107144,4
6107188,3
6107348,4
6108683,4
6109831,4
6111866,4
6112487,4
6113111,4
6116793,4
6116838,4
6117152,4
6117153,4
6117182,4
6117311,2
6117984,4
6121224,2
6123997,2
6125855,4
6126414,4
6127552,4
6128106,4
6129250,5
6130455,4
6131178,5
6131616,4
6142928,4
6143261,4
6144884,4
6146968,4
6147533,2
6147746,4
6147963,4
6151799,4
6152358,4
6153165,4
6153342,3
6155593,5
6155727,4
6157282,3
6157334,3
6161944,4
6162262,4
6163011,4
6163561,4
6164582,4
6164661,2
6166191,5
6166853,4
6168076,4
6168299,4
6169315,4
6170167,4
6170519,2
6171629,3
6171873,4
6172722,3
6175278,4
6175451,4
6176974,4
6177198,5
6178137,4
6178401,4
6179370,5
6182757,4
6185793,4
6186932,4
6187408,4
6188230,4
6189102,4
6189154,4
6189573,5
6191872,4
6192214,4
6192865,4
6192906,5
6193140,4
6195591,5
6196425,4
6197809,4
6199480,4
6200747,2
6200768,4
6201279,4
6202030,4
6202143,4
6203760,2
6203970,4
6204016,4
6204589,4
6205014,4
6205077,4
6205372,4
6208339,4
6208773,2
6208991,4
6209028,4
6209221,5
6209335,4
6209893,5
6210067,5
6210995,4
6211650,4
6212050,4
6212996,4
6214131,4
6214191,4
6216186,4
6218014,4
6218454,5
6219961,4
6221556,4
6222216,4
6222576,4
6223388,4
6224166,4
6225305,4
6225672,4
6226716,4
6227301,3
6228094,4
6228442,4
6229812,4
6230613,3
6232290,4
6232360,4
6232371,5
6233696,4
6234003,4
6235083,4
6235142,4
6235258,5
6235290,5
6236590,2
6237095,4
6240311,4
6241103,4
6241651,4
6244251,3
6245449,4
6246023,5
6251787,2
6254257,4
6258900,3
6259611,4
6261421,2
6267635,4
6269248,5
6270370,5
6270897,3
6272808,5
6273600,4
6274055,4
6279165,4
6279343,4
6279956,5
6280083,3
6280269,4
6280825,5
6284839,4
6284926,4
6285003,4
6288370,4
6288721,4
6290365,4
6291833,2
6292304,4
6292548,3
6292708,4
6294212,2
6295341,4
6296084,4
6298532,2
6300037,4
6302220,4
6302367,5
6302829,4
6302898,2
6304527,4
6304920,1
6305996,4
6311071,3
6311608,4
6314484,4
6314667,4
6316178,3
6317043,4
6317053,5
6317130,4
6317139,4
6317155,1
6317334,4
6318151,4
6318411,3
6319981,4
6321164,4
6323297,3
6324086,4
6324186,4
6325694,4
6328113,3
6331512,4
6333806,4
6334086,2
6334194,2
6337024,4
6338005,4
6338269,4
6338602,4
6339814,4
6340813,3
6342065,4
6344962,2
6345671,4
6347183,4
6347726,4
6350897,4
6351479,4
6351615,3
6352076,3
6353825,5
6354651,1
6356828,3
6359388,4
6360223,4
6361980,4
6362196,4
6362589,4
6365955,4
6366627,4
6366758,5
6367199,4
6370257,4
6370365,4
6371291,4
6373941,4
6374602,5
6376514,4
6376643,4
6377066,5
6378109,3
6378776,4
6379865,4
6380839,2
6380914,4
6382235,4
6382832,3
6383139,4
6387490,5
6388019,3
6389382,4
6389762,4
6390871,5
6395730,3
6396791,4
6398828,4
6400146,2
6400362,4
6403022,3
6403504,4
6405957,4
6406896,3
6407837,4
6408220,4
6411268,4
6415909,4
6417650,4
6418378,4
6418419,4
6419100,4
6425195,4
6428281,4
6428475,5
6428547,4
6429727,3
6429752,3
6436353,4
6439204,4
6439468,5
6439509,4
6440512,4
6442430,5
6443301,4
6445440,5
6447171,5
6448200,4
6449424,4
6450333,3
6451152,5
6452864,3
6452955,4
6453435,4
6454008,5
6454814,4
6455021,4
6455528,4
6459241,3
6460016,5
6462156,1
6463390,4
6464016,2
6464436,4
6465555,4
6466966,4
6469697,4
6469994,4
6472315,4
6472444,4
6475609,4
6476741,4
6479856,4
6482153,4
6482193,4
6482666,4
6482918,4
6483475,4
6486274,2
6489485,4
6492245,4
6493680,4
6499203,5
6499440,5
6499719,4
6499954,5
6500125,4
6501180,4
6501313,4
6502365,4
6504613,4
6507022,5
6507320,4
6512093,3
6514510,4
6514701,4
6516138,4
6517935,4
6518175,4
6522990,4
6523523,4
6525860,4
6528830,4
6529468,4
6529668,4
6532569,4
6535221,5
6537129,4
6537428,1
6539595,4
6545052,2
6545414,4
6548216,2
6548552,3
6550280,1
6552232,4
6554485,4
6554800,4
6555775,4
6555945,5
6558000,4
6561383,2
6561462,4
6563902,4
6564685,2
6565287,5
6565441,4
6566606,4
6566868,4
6568114,5
6569511,4
6569774,4
6571156,4
6573559,4
6573792,4
6578038,4
6578872,4
6579236,4
6580060,4
6580205,2
6580791,2
6583492,4
6583621,2
6583760,4
6590207,4
6592048,2
6592276,4
6594303,4
6594808,4
6597691,4
6603233,5
6604439,4
6606127,1
6609331,2
6609804,4
6610475,4
6610662,4
6611877,4
6612517,4
6612620,4
6613822,4
6620727,4
6621331,2
6621555,4
6622058,4
6623807,4
6625485,4
6627257,4
6627780,4
6628265,4
6629720,4
6631137,4
6632219,4
6632897,2
6633260,4
6633824,4
6634086,4
6635346,4
6635459,4
6636285,4
6636675,4
6637441,5
6637898,2
6639354,4
6641891,5
6642583,4
6642669,4
6643397,5
6643796,2
6644816,2
6645819,5
6646866,4
6650411,2
6650803,4
6651611,5
6651944,4
6653287,5
6653376,4
6654292,4
6654592,4
6658586,5
6659108,5
6659273,5
6662316,5
6664111,2
6664964,4
6665222,4
6667701,5
6667703,4
6667845,4
6668585,2
6669395,3
6671133,4
6672172,4
6675173,4
6675702,4
6676534,3
6678280,5
6678624,4
6680765,2
6681402,2
6681943,2
6687358,4
6688269,4
6689640,4
6692036,4
6692297,4
6693517,4
6694299,4
6695290,4
6695304,2
6696698,2
6698279,4
6698831,4
6703373,4
6706544,4
6706976,4
6707149,4
6708211,4
6711056,3
6712777,4
6712807,2
6713884,4
6714628,4
6717589,4
6717707,3
6718782,4
6719531,4
6721564,4
6722116,2
6724793,4
6725721,4
6727088,2
6727406,4
6732026,4
6732147,4
6733246,2
6733629,4
6736108,5
6736152,4
6736347,2
6738318,4
6739063,5
6740444,2
6741612,4
6746285,3
6746358,4
6747209,4
6748247,2
6748838,4
6749007,4
6749588,4
6749891,4
6753335,4
6754255,2
6755750,3
6756274,1
6758881,2
6759109,4
6760847,4
6760897,4
6761066,4
6761955,2
6763711,4
6764107,4
6764655,4
6766818,3
6767929,4
6768009,4
6768770,2
6769577,4
6770086,4
6770503,4
6773025,4
6773915,4
6777394,4
6777781,4
6777824,4
6778107,4
6779928,2
6781317,2
6783747,4
6784552,4
6786048,4
6786173,4
6786387,2
6787203,3
6790039,4
6797487,4
6800430,2
6801693,4
6801730,4
6803737,4
6806898,4
6807650,4
6808953,4
6809009,4
6809717,5
6811075,2
6811681,4
6813127,4
6813756,4
6814504,5
6815684,4
6817298,4
6819637,4
6823569,3
6824998,3
6826133,5
6827255,4
6828989,4
6832652,2
6833234,5
6833865,2
6833955,4
6834008,4
6836588,2
6838714,2
6840957,4
6842510,4
6843247,4
6844642,4
6844737,4
6845117,4
6845252,5
6850234,4
6852845,3
6853010,5
6853884,5
6856741,3
6857463,2
6859023,4
6859086,5
6859290,4
6859772,4
6859844,2
6863147,4
6864485,4
6867548,4
6868556,5
6869057,4
6870079,2
6870222,4
6870549,4
6870699,5
6871229,4
6871294,4
6872057,2
6872086,4
6875511,3
6875583,4
6877539,4
6880078,4
6880080,4
6881837,4
6882602,4
6883179,5
6885436,4
6888759,4
6889348,4
6889434,5
6889585,4
6890483,4
6892863,4
6893360,4
6893394,2
6894778,4
6897529,4
6898072,2
6898720,4
6899112,5
6899577,4
6899758,4
6902546,5
6903420,3
6903440,4
6905529,4
6906124,4
6906843,4
6908302,2
6909675,2
6910830,4
6911783,2
6913913,4
6915315,2
6915326,4
6918623,4
6918803,4
6919596,4
6920387,4
6923680,3
6925802,4
6927893,2
6928914,4
6929408,4
6930751,4
6934154,2
6934588,4
6935748,2
6935782,4
6938226,4
6940757,2
6943034,5
6946170,5
6947871,4
6948064,2
6949050,4
6951805,3
6953459,5
6953684,4
6955147,3
6960483,4
6960897,4
6961942,4
6961951,2
6962945,5
6963327,4
6965349,2
6966826,4
6970885,4
6971926,4
6973324,3
6976832,4
6977585,4
6977689,2
6979135,2
6982344,3
6985180,5
6987086,5
6990013,4
6990524,2
6991226,4
6993244,4
7001192,2
7002056,5
7008044,4
7009039,4
7009178,3
7009325,4
7009389,3
7009798,2
7011012,5
7012309,4
7012625,4
7014600,5
7021494,2
7022340,4
7023353,2
7024233,4
7024890,2
7026451,4
7026478,4
7029799,4
7030377,4
7030751,4
7032198,2
7036857,4
7040961,4
7042573,4
7042967,4
7043868,4
7044444,5
7045218,2
7046575,5
7046872,4
7046961,4
7047917,4
7048885,4
7049367,4
7049632,4
7050037,2
7051981,2
7052610,4
7053423,4
7054237,4
7055341,4
7058036,4
7060870,4
7061344,5
7061416,4
7062005,4
7062150,2
7063258,4
7064252,4
7064608,2
7065704,3
7067081,5
7068078,5
7068147,2
7069010,2
7070439,1
7072257,4
7074103,3
7075483,4
7076497,4
7076713,4
7076798,4
7087573,4
7087916,4
7088046,5
7089224,5
7092808,4
7094136,5
7098112,4
7098650,4
7100859,4
7105057,5
7107234,2
7108108,4
7108336,4
7110938,5
7118848,5
7119344,2
7119408,4
7125270,4
7125426,4
7125641,4
7127962,5
7133133,4
7133301,4
7133712,4
7135225,4
7138133,4
7138333,4
7138495,5
7138878,4
7143824,5
7147744,2
7151521,4
7155395,4
7155585,4
7157129,2
7157592,4
7157717,4
7158180,4
7158458,2
7161569,4
7161611,5
7161822,2
7164213,2
7164215,3
7167111,4
7168685,5
7168705,4
7169333,2
7169820,5
7171876,4
7173470,4
7173881,4
7175021,4
7177879,4
7181108,2
7181576,4
7181800,3
7184002,4
7185392,2
7187818,2
7189060,4
7190742,2
7191549,1
7192297,4
7192392,4
7192410,4
7192672,3
7193568,2
7194658,5
7195249,4
7198441,5
7198444,4
7200722,4
7201962,4
7203550,4
7205305,4
7206606,4
7207726,4
7207988,4
7208652,4
7209714,2
7209834,5
7212573,4
7220722,4
7222792,4
7223195,2
7223993,4
7224527,5
7225713,4
7227902,4
7228869,4
7230651,2
7232060,4
7232579,5
7232873,4
7233236,4
7235521,3
7237225,5
7237481,4
7237778,4
7239781,4
7240527,4
7241732,4
7242470,2
7243515,4
7245297,5
7246727,4
7254713,4
7255275,4
7255928,4
7256236,4
7258559,2
7259448,5
7261759,4
7262304,4
7266158,4
7269135,5
7270963,3
7271748,3
7277153,2
7279498,4
7283486,4
7284121,4
7284255,2
7284418,2
7287290,5
7294447,4
7294514,2
7295452,5
7298918,4
7300920,5
7301779,2
7305188,2
7308084,4
7309491,2
7310415,4
7311338,4
7311640,4
7312835,4
7313326,3
7320273,3
